Anonymous,48
"Sanson, J.",36
"Chaptal, L.",19
"Azzi, G.",19
"Nuttonson, M. Y.",18
"Holdefleiss, P.",15
"Shaw, W. N.",12
"Geslin, H.",11
"Brounov, P. I.",11
"Baltadori, A.",10
"Garner, W. W.; Allard, H. A.",10
"Shirley, H. L.",10
"Schmidt, W.",10
"Schwarz, H.",10
"Smith, J. W.",10
"Koloskov, P. I.",9
"Geiger, R.",8
"Allard, H. A.",8
"Adams, J.",8
"Fischer, R.",8
"Roberts, R. H.; Struckmeyer, B. E.",8
"Parker, M. W.; Borthwick, H. A.",8
"Geiger, Rudolf; Woelfle, M.; Seip, L. Ph.",7
"Daigo, Y.",7
"Smith, A.",7
"Molga, M.",7
"Schimitschek, E.",7
"Post, K.",7
"Boswell, V. R.",7
"Briccoli, M.",7
"Azzi, Girolamo",7
"Selianinov, G. T.",7
"MacDougal, D. T.",7
"Hopkins, J. W.",7
"Mail, G. A.",6
"Borthwick, H. A.; Parker, M. W.",6
"Tincker, M. A. H.",6
"Dufrénoy, J.",6
"Keen, B. A.",6
"Dexter, S. T.",6
"Werner, H. O.",6
"Ramdas, L. A.",6
"Burger, Hans",6
"de Gasperi, L.",6
"Staffe, A.",6
"Gassies, J. P.",5
"Sapozhnikova, S. A.",5
"Bremer, A. H.",5
"Carton, P.",5
"Wallén, A.",5
"Clements, H. F.",5
"Walter, A.",5
"Chouard, P.",5
"Kessler, O. W.",5
"Garner, W. W.",5
"Bouyoucos, G. J.",5
"Szymkiewicz, D.",5
"De Villiers, G. D. B.",5
"Reid, M. E.",5
"Knott, J. E.",5
"Omodeo, C.",5
"Dolgosov, V.",5
"Burns, G. P.",5
"Pearson, G. A.",4
"Nightingale, G. T.",4
"Bates, C. G.",4
"Ivanov, L. A.",4
"Schubert, J.",4
"Bewley, W. F.",4
"Priestley, J. H.",4
"Geslin, H.; Servy, J.",4
"Albrecht, F.",4
"Darrow, G. M.",4
"Kincer, Joseph Burton",4
"Delcambre, E.",4
"Hooker, R. H.",4
"Schulze, R.",4
"Hounam, C. E.",4
"Kreutz, W.",4
"Blaauw, A. H.",4
"Jenny, H.",4
"Shreve, F.",4
"Lona, F.",4
"Kalamkar, R. J.",4
"McDonald, W. F.",4
"Schaffner, J. H.",4
"Mattice, W. A.",4
"Angot, Alfred",4
"Coblentz, W. W.",4
"Went, F. W.",4
"Roberts, R. H.",4
"Taylor, T. G.",4
"Penman, H. L.",4
"Lehmann, P.",4
"Smith, F.",4
"Bergeiro, J. M.",4
"Blackman, V. H.",3
"Rose, J. K.",3
"Jemison, G. M.",3
Cerepanov,3
"Mellanby, K.",3
"Besson, L.",3
"Smith, E. C.",3
"Geiger, R.; Amann, H.",3
"Newnham, E. V.",3
"Ramdas, L. A.; Katti, M. S.",3
"Burns, G. R.",3
"Davies, W. M.",3
"Alter, J. C.",3
"Bac, S.",3
"Gumiński, R.",3
"Kassner, C.",3
"Blake, M. A.",3
"Franklin, T. B.",3
"Schnelle, F.",3
"Brouwer, W.",3
"Combes, R.",3
"Rocchi, M.",3
"Van Everdingen, E.",3
"Seelhorst, C.",3
"Irwin, J. O.",3
"Scaëtta, H.",3
"Stenberg, M.",3
"Caldwell, J. S.",3
"Benfield, A. E.",3
"Davidson, J.",3
"Waldron, L. R.",3
"Schnelle, F.; Heiser, F.",3
"Dillon-Weston, W. A. R.",3
"Tumanov, I. I.",3
"Topolnicky, N. M.",3
"Bushnell, J.",3
"Lugeon, J.",3
"De Fina, A. L.",3
"Hand, I. F.",3
"Dorsey, M. J.",3
"Popp, H. W.; Brown, F.",3
"Rasumov, V.",3
"Johnston, E. S.",3
"Haurwitz, B.",3
"Wadsworth, H. A.",3
Vv.Aa.,3
"Seltzer, P.",3
"Viggiani, G.",3
"Kondrat'ev, K. IĀ.",3
"McLean, F. T.",3
"Borthwick, H. A.; Parker, M. W.; Hendricks, S. B.",3
"Stoughton, R. H.",3
"Leontjevsky, N. P.",3
"Popp, H. W.",3
"Thornthwaite, C. W.",3
"Åkerberg, H.",3
"Garola, J.",3
"Newton, R.; McCalla, A. G.",3
"Gaetani, L.",3
"Ångström, A.",3
"Miliani, R.",3
"Süring, R.",3
"David, R. E.",3
"Emberger, L.",3
"Daubenmire, R. F.",3
"Balls, W. L.",3
"Crocker, W.",3
"Moreillon, M.",3
"Finnell, H. H.",3
"Arthur, J. M.",3
"Honnecker, L.",3
"Coupin, H.",3
"Blair, T. A.",3
"Dauzère, G.",3
"Arctowski, H.",3
"Sonntag, K.",3
"Doroshenko, A. V.; Razumov, V. I.",2
"Ogg, E. G.",2
"Olmsted, C. E.",2
"Crebert, H.",2
"Kincer, J. B.",2
"Sanderson, M.",2
"Mac Gillivray, J. H.",2
"Boyd, R. L.; Latimer, L. P.",2
"Burge, W. E.; Burge, E. L.",2
"Brenchley, W. E.",2
"Bertholf, L. M.",2
"Mossolov, V. P.",2
"Eredia, F.",2
"Clark, J. E.",2
"Fritz, S.",2
"Borel, E.",2
"Roeser, J.",2
"Naegler, W.",2
"Bollinger, C. J.",2
"Coville, F. V.",2
"King, F. H.",2
"Rühl, H.",2
"Withrow, R. B.",2
"Gillette, H. P.",2
"Hiltner, E.",2
"Skorobogatov, P. A.",2
"Whitson, A. R.; Baker, O. E.",2
"Whyte, R. O.",2
"Jung, E.",2
"Klages, K. H. W.",2
"Novikov, V. A.",2
"Roebuck, A.",2
U.K. DAS,2
"Hurd-Karrer, A. M.",2
"Meinardus, W.",2
"Fantoli, A.",2
"Robb, A. D.",2
"Arndt, C. H.",2
"Boutaric, A.",2
"Jones, L. H.",2
"Culpepper, C. W.; Moon, H. H.",2
"Parker, M. W.; Hendricks, S. B.; Borthwick, H. A.; Scully, N. J.",2
"Tiscornia, J.",2
"David, P. E.",2
"Samraevsky, V.",2
"Tames, C.",2
"Crepin, C.",2
"Höhne, E.",2
"Fedorov, E. E.",2
"Greathouse, G. A.",2
"Meyer, A.",2
"MacGillivray, J. H.",2
"Rudenko, A. I.",2
"Papadakis, J.",2
"Beal, J. A.",2
"Lode, L. A.",2
"Endo, S.",2
"Hadorn, C.",2
"Kittredge, J.",2
"Lloyd, J. R.",2
"Visher, S. S.",2
"Abe, T.",2
"Uvarov, B. P.",2
"Grohmann, C.",2
"Weaver, J. E.; Himmel, W. J.",2
"Suzuki, S.",2
"Flora, S. D.",2
"Redington, G.",2
"Ashbel, D.",2
"Kaigorodoff, A.",2
"Rabinowitch, E. I.",2
"Brunt, D.",2
"Ramdas, L. A.; Dravid, R. K.",2
"Champion, D. L.",2
"Bates, C. G.; Roeser, J.",2
"Wegeleben, R.",2
"Thompson, H. C.",2
"Penta, F.",2
"Aikman, J. M.",2
"McKinney, H. H.; Sando, W. J.",2
"Bilham, E. G.",2
"English, L. L.",2
"Imms, A. D.",2
"Rave, L.",2
"Suneson, C. A.; Peltier, G. L.",2
"Crépin, C.",2
"Moore, B.",2
"Dunlap, A. A.",2
"Salisbury, E. J.",2
"Gösele, L.",2
"Knoche, W.",2
"Lee, J.",2
"Lebedintseva, E. V.",2
"Fischer, E.",2
"Monchot, E.",2
"Agee, H. P.",2
"Borthwick, H. A.; Parker, M. W.; Heinze, P. H.",2
"Hart, H.; Zaleski, K.",2
"Sheard, C.; Higgins, G. M.; Foster, W. I.",2
"Haber, E. S.",2
"Mochkov, B. S.",2
"Carne, W. M.",2
"Kalitin, N. N.",2
"Biolley, H.",2
"Formica, F.",2
"Miller, J. C.",2
"de Montessus de Ballore, R.",2
"Hall, A. D.",2
"Suzuki, H.",2
"Lysenko, T. D.",2
"Sakharov, M. I.",2
"Bane, W. A.",2
"Simanjuk, A.",2
"Crescini, F.",2
Berkner,2
"Struckmeyer, B. E.",2
"Buxton, P. A.",2
"Ramdas, L. A.; Mallik, A. K.",2
"McKenzie-Taylor, E.; Burns, A. C.",2
"Ziegler, O.",2
"Willcox, O. W.",2
"Li, T. T.",2
"Bonacina, L. C. W.",2
"Ramdas, L. A.; Kalamkar, R. J.; Gadre, K. M.",2
"Artschwager, E.; Starrett, R. C.",2
"Zon, R.",2
"Marvin, C. F.",2
"Beall, H. W.",2
"Sokolovskaja, A. P.",2
"Schanderl, H.",2
"Crowther, E. M.",2
"Kinzel, W.",2
"Godard, M.",2
"Groissmayr, F. B.",2
"Kandasamy, A. P.",2
"Sofoterov, N. K.",2
"Panfilov, J.",2
"Fedorov, A. V.",2
"Jones, L. A.; Condit, H. R.",2
"Hamner, C. L.",2
"Reed, C. D.",2
"Barnes, W. C.",2
"Mascart, J.",2
"Lochow, F. von",2
"Gericke, W. F.",2
"Tamm, E.",2
"Gregory, F. G.",2
"Gallay, R.",2
"Brown, E. M.",2
"Jones, D. F.; Huntington, E.",2
"Raman, P. K.",2
"Cuberbiller, E. A.",2
"Knoch, K.",2
"Laurie, A.",2
"Cerighelli, R.",2
"Moshkov, B. S.",2
"Struckmeyer, B. E.; Roberts, R. H.",2
"Leich, E.; Propp, G.",2
"Burkholder, P. R.",2
"Khvostikov, I. A.",2
"Brooks, R. M.",2
"Shul'gin, A.",2
Clausen,2
"Huntington, E.",2
"Becker, F.",2
"Clark, J. E.; Margary, I. D.; Cave, C. J. P.",2
"Blackman, F. F.",2
"Obolensky, V. V.",2
"Sayre, J. D.",2
"Famin, A.",2
"Pfeiffer, M.",2
"Kramer, Paul J.",2
"Scully, N. J.; Parker, M. W.; Borthwick, H. A.",2
"Kennedy, R. E.",2
"Newton, R.; Martin, W. M.",2
"Turrill, W. B.",2
"Fuller, H. J.",2
"Dieckmann, A.",2
"Hesselman, H.",2
"Keranen, J.",2
"Popov, V. P.",2
"Edwards, T. I.",2
"Kidson, E.",2
"Schindler, P.",2
"Berg, H.",2
"Ramdas, L. A.; Sreenivasiah, B. N.; Raman, P. K.",2
"Daingerfield, L. H.",2
"McClelland, T. B.",2
"Work, R. A.",2
"Allard, H. A.; Garner, W. W.",2
"Harrington, J. B.",2
"Prescott, J. A.",2
"De Soroa y Piñeda, J. M.",2
"Ray, G.",2
"Savickaja, A. I.",2
"Janisch, E.",2
"Timofeeva, M. T.",2
"Kersten, M. S.",2
"Fomin, A. E.",2
"Musso, J. O.",2
"Hanna, W. F.",2
"Gourley, J. H.",2
"Steyaert, R. L.",2
"McNair, J. B.",2
"Mitscherlich, E. A.",2
"Klapp, E.",2
"Hustich, I.",2
"Jacobs, W. C.",2
"Zattler, F.",2
"Pollak, L. W.",2
"Wegener, K.",2
"Münter, F.",2
"Stevens, W. R.",2
"Seeley, D. A.",2
"Gilbert, Basil E.",2
"Bertoni, M. S.",2
"Börnstein, R.",2
"Bua, G",2
"Hanson, H. C.",2
"Loree, R. E.",2
U.S. Department of Agriculture,2
"Bain, F. M.",2
"Brazier, C. E.",2
"Borthwick, H. A.",2
"Enquist, F.",2
"Smith, W. O.",2
"Ramaley, F.",2
"Russell, E. J.",2
"Yakuwa, R.",2
"Sarle, C. F.",2
"Singh, B. N.; Kumar, K.",2
"Sauberer, F.",2
"Servy, J.",2
"Ivanov, S. M.",2
"Sprague, V. G.",2
"Schwarz, R.",2
"Kiriakov, K.",2
"Ramdas, L. A.; Atmanathan, S.",2
"Brackett, F. S.",2
"Skrjabin, M. I.; Semjenov, A. E.",2
"Magness, J. R.",2
"Robbins, W. W.",2
"Krasovskii, V. I.",2
"Nossatovsky, A.; Vertela, M.",2
"Shatzky, A. L.",2
"McKenzie-Taylor, E.",2
"Novák, V.",2
"Jacob, S. M.",2
"Kulvanovsky, S. B.",2
"Paolini, B. M.",2
"Schmauß, A.",2
"Emerson, R.",2
"Huber, B.",2
"Bienert, W.",2
"Robertson, C. L.",1
"Mitscherlich, A.",1
"Misener, A. D.",1
"Withrow, R. B.; Biebel, J. P.",1
"Houseman, E. E.",1
"Lavrijcuk, V. S.; Popov, V. P.",1
"Aronovic, N.",1
"McCorkle, W. H.",1
"DeBusk, E. F.",1
"Chipp, T. F.",1
"Jungo, J.",1
"Cochran, W. G.",1
"Roussopoulos, N.; Meimaris",1
"Finch, A. H.; van Horn, C. W.",1
"Williams, C. B.",1
"Kincaid, R. R.; Gratz, L. O.",1
"Muenscher, W. C.",1
"Shaw, E. B.",1
"Lundegårdh, H.",1
"Anters, E.",1
"Brune, F.",1
"Ruth, W. A.; Baker, C. E.",1
"Fabri, A.",1
"Rosen, W. R.",1
"De Sora, J. M.",1
"Austin, J. P.",1
"Emmett, A. M.",1
"Friedl, A.",1
"Milthorpe, F. L.; Horowitz, B.",1
"Roochi, M.",1
"Moskov, B. S.",1
"Holmgren, O.",1
"Andrews, F. M.",1
"Lease, E. J.; Tottingham, W. E.",1
"Darby, H. H.",1
"Morton, W. C., III.",1
"Pearl, R.; Edwards, T. I.; Miner, J. R.",1
"Kelly, V. W.",1
"Lubimenko, V. J.; Sceglova, O. A.",1
"Fron, G.",1
"Alekseev, S. M.",1
"Malmström, C.; Malmgård, M.",1
"Tulaikov, N. M.",1
"Ligon, W. S.",1
"Brauner, L.",1
"Skeib, G.",1
"Thienemann, A.",1
"Smith, O.",1
"Klein, P.; Sanson, J.",1
"Rippel, K.",1
"Faull, J. H.",1
"Pigulevskii, G. V.",1
"Gardner, V. R.",1
"Bouygues, H.",1
"Algren, A. B.",1
"Mortenson, A. E.; Duley, F. L.",1
"Nisikavo, Y.; Matsumoto, H.; Yamauti, K.",1
"Jones, R. L.",1
"Van Dillewijn, C.",1
"Rav, G. G.; Dhar, N. R.",1
"Whitehouse, W. E.",1
"Costello, D. P.",1
Lavauden,1
"Whitson, A. R.",1
"Vollono, A.",1
"Larmour, R. K.; Clayton, J. S.; Wrenshall, C. L.",1
"Mckinney, H. H.; Sando, W. J.",1
"Whitcomb, W D.",1
"McCalla, A. G.; Weir, J. R.; Neatby, K. W.",1
"Langham, D. G.",1
"Henry, Y. M.; de Visme, M.",1
"Purvis, O. N.; Gregory, F. G.",1
"Lavrijcuk, V. S.; Popof, V. P.",1
"Curtis, R. H.",1
"Combe, S.",1
"Humphries, W. R.; Hurst, W. M.",1
"Smith, F. G.; Walker, J. C.",1
"Voigts, H.",1
Bormans; Wiorogorski,1
"Cascón Martínez, J.",1
"Ramabhadran, V. K.",1
"McClatchie, A. J.; Coit, E. J.; et al.",1
"Smith, J. H.",1
"Simanjuk, A. P.",1
"Ramdas, L. A.; Kalamkar, R. J.",1
"Mason, S. C.",1
"Wood, A. R.; Leathwood, M. N.",1
"Obukhov, V. M.",1
"Ahlmann, H. W.",1
"Fisher, R. A.; Mackenzie, W. A.",1
"Vernet, A.",1
"Hendrickson, G. O.",1
"Gassner, G.",1
"Tabor, P.",1
"Sigolev, A.; Procerov, A.",1
"Schmidt, W.; Schwabl, W.",1
"Parker, M. W.; Stuart, N. W.; Borthwick, H. A.",1
"Bever, W. M.",1
"Blake, M. A.; Nightingale, G. T.",1
"Stefanoff, B.; Stoičkoff, J.",1
"Less, E.",1
"Spillman, W. J.",1
"Schoenwiese, F.",1
"Memoria, J. M. P.",1
"Capus, J.; Bourdel, M.",1
"MacMillan, H. G.",1
"Harvey, R. B.; True, R. H.",1
"Savinov, S. I.",1
"Beck, F.",1
"Esper, H. C.",1
"Drude, O.",1
"Lebedincev, E.; Borodin, I.; Brovcin, V.",1
"Weinberger, J. H.",1
"Boerman, W. E.",1
"Brandt, F. O.",1
"Kemp, W. B.; Metzger, J. E.",1
"Eguchi, T.",1
"Leather, J. W.",1
"Hagan, H. R.",1
"Gunn, D. L.",1
Depardon; Buron,1
"Barbey, A.",1
"Rawlins, E. L.; Johnson, T. W.",1
"Magistad, O. C.; Farden, C. A.; Baldwin, W. A.",1
"Zinkiewicz, W.",1
"Jacobi, H.",1
"Scott, H. I.; Hart, E. B.; Halpin, J. G.",1
"Fox, R. T.",1
"Kosmodemjansky, V. N.",1
Ruby,1
"Kuleshov, N. N.",1
"Hedrick, U. P.",1
"Reed, C. A.",1
"Kincaid, R. R.",1
"Alexander, W. H.",1
"Heuser, W.",1
"Galston, A. W.; Baker, R. S.",1
"Smith, R. C.",1
"Mellish, H.",1
"Quayle, H. J.; Rohrbaugh, P. W.",1
"Johnson, J.; Ogden, W. B.",1
"Smith, L. W.; Hussain, M.",1
"Villeneuve, G. O.",1
"Adams, J. F.",1
"Engberg, R. C.",1
"Eble, L.",1
"Adam, G.",1
"Cugunin, J. V.",1
"Foster, W. D.",1
"Nedelkortch, M.",1
"Kurmangalin, N. A.",1
"Silvester, N. L.",1
"Davydov, G. K.",1
"Rhind, D.",1
"Booth, E. G.",1
"Martin, E. V.; Clements, F. E.",1
"Taraskevic, A. I.",1
"Detwiler, S. B.",1
"Bogateev, S. J.",1
"Kikkawa, S.",1
"Rigotard, L.",1
"Berg, L. S.",1
"Kirkwood, J. E.",1
"Musgrave, G. W.",1
"Hallstead, A. L.; Coles, E. H.",1
"Hannay, A. M.",1
"Pfeffer, W.",1
"Diehl, H. C.; Wright, R. C.",1
"Khrgian, A. K.",1
"Smith, J. S.",1
"Furr, J. S.; Degman, E. S.",1
"Deen, J. L.; Bruner, M. H.",1
"Edwards, T. I.; Peace, R.; Gould, S. A.",1
"Meynier, A.",1
"Pulman, J.",1
"Bowen, I. S.",1
"Vita, N.; Sandrinelli, R.",1
"International Meteorological Organization, Kommission für Landwirtschaft",1
"Reithmann, O.",1
"Johnston, W. A.",1
"Tennent, R. B.",1
"Capus, J.",1
"Venckevig, G. Z.",1
"Lauscher, F.",1
"Socevanov, V. E.",1
"Steche, H.",1
"Semmens, E. S.",1
"Weinberger, J. H.; Callinan, F. P.",1
"Barat, G.",1
"Sheldon, H. H.",1
Venckevic,1
"Snyder, W. E.",1
"Holtermann, C.",1
"Greene, E. W.",1
"MacVicar, R.; Struckmeyer, B. E.",1
"Heinze, P. H.; Parker, M. W.; Borthwick, H. A.",1
"Lunt, H. A.",1
"Simpson, G. C.",1
"Bastamov, S.",1
"Lommel, W. E.; Greene, L.",1
"Kaigorodov, A. I.",1
"Goineria, J.",1
"Montlaur, L.",1
"Budyko, M. I.; Iudin, M. I.",1
"Thompson, H. C.; Knott, J. E.",1
"Hey, G. L.; Carter, J. E.",1
"Onodera, J.",1
"Mathesius, W.",1
"Shostakovich, V. B.",1
"Deffontaines, P.",1
"Borchert, J. R.",1
"Baumann, E.",1
"Blaser, R. E.; Killinger, G. W.",1
"Popp, H. W.; McIlvaine, H. R. C.",1
"Fletcher, E. H.",1
"Fleischmann, R.",1
"Withbrow, R. B.",1
"Parija, P.; Saran, A. B.",1
"Edwards, T. I.; Pearl, R.; Gould, S. A.",1
"Ballantyne, A. B.",1
"Chudnovskii, A. F.",1
"Krasnosel'skaia-Maksimova, T. A.; Kondo, I. N.",1
"Tomkins, R. G.",1
"Bret, Jean",1
"Ingersoll, L. R.; Koepp, O. A.",1
"Elagin, I. N.; Zvorykina, K. V.",1
"Meiter, H.",1
"Black, L. A.",1
A. S.,1
"Oehler, T.",1
"Magruder, P.; Hawker, L. R.",1
"Koeslag, J. D.",1
"Kendricks, W. A.; Lee, A. R.; Godfrey, A. B.",1
"Collison, R. C.; Harlam, J. D.",1
"Aamodt, O. S.",1
"Dolgosov, V.; Syimanjuk, L.",1
"Perunova, M. S.",1
"Bourne, B. A.",1
"Píery, M.; Dufay, J.; Enselme, J.; Favrot, C.; Flajolet, P.",1
"Bucholtz, A. F.",1
"Broounoff, P.",1
"Dawson, R. B.",1
"Kirkpatrick, T. W.",1
"Geddes, A. E. M.",1
"Schneider, C. L.",1
"Kamenev, S. N.",1
"Newlin, J. J.",1
"Gorczyński, W.",1
Pieper,1
"De Bush, E. F.",1
"Mildbraed, J.",1
"Robinson, W. B.",1
"Flyorov, K. V.",1
"De Beseiro, D. C.; Durand, M.",1
"Craig, J.",1
"Robbins, W. J.; Petsch, K. F.",1
"Hodgson, R. W.",1
"Pettinger, N. A.",1
"Abbe, C.",1
"Simon, J.",1
"Ramsey, G. R.",1
"Naryskina, E.",1
"Gard, M.",1
"Tokashi, K.; Uchimura, K.",1
"Henry, A. W.",1
"Flory, E. L.",1
"Kudrin, S. A.; Nemolovskaja, O. V.",1
"Whitmore, R. A.",1
"Martin, J. P.; Craggs, B. A.",1
"Le Clerc, J. A.; Yoder, P. A.",1
"Hubbard, W. A.",1
"Emerson, R.; Lewis, C. M.",1
"Kincer, J. B.; Mattice, W. A.",1
"Krassitchkov, A.",1
"Smith, M. C.; Briggs, I. A.",1
"Keener, A. E.",1
"Gonzalez, S. S.",1
"Peirce, G. J.",1
"Federov, E. E.",1
"Stampa, G.",1
"Henecker, L.",1
"Ranjan, S.",1
"Greeves, T. N.; Muskett, A. E.",1
"Bodman, G. B.",1
"Barbé, G.",1
"Hamner, K. C.; Naylor, A. W.",1
"Kaskarov, D.",1
"Chasovnikov, G. N.",1
"Trägårdh, I.; Butovitsch, V.",1
"Risso Patron, R.",1
"Gradmann, I. H.",1
Tugarinov,1
"Tompkins, C. M.; Pack, D. A.",1
"Castle, E. S.; Honeyman, A. J. M.",1
"Sreenivasan, P. S.",1
"Kulvanovsky, K.",1
"Heuser, O. E.",1
"Szynal, T.",1
"Alexander, G. W.",1
"Hawker, L. E.",1
"Lebedintsev, E. L.",1
"Kisseljov, N.",1
"Smith, D. C.; Bressman, E. N.",1
"Ridgley, D. C.; Koeppe, C. E.",1
"Kommerell, E.",1
Staffe,1
"Aoki, S.; Tazika, Y.",1
"Ceremissin, T. S.",1
"Camp, A. F.; Walker, M. N.",1
"Fenton, F. A.; Hixson, E.",1
"Cook, S. F.",1
"Stickel, P. W. S.",1
"Koehler, B.; Jones, F. R.",1
"Prescott, E. E.; Brown, D. D.",1
"Ezekiel, W. N.; Taubenhaus, J. J.",1
"Borodin, I.",1
"Yakovlev, V. I.",1
"Nagel, J. L.",1
"Eyer, J. R.",1
"Cannon, W. A.; Demaree, D.; Purer, E. A.",1
"Vasiliev, I. M.",1
"Lauscher, F.; Schwabl, W.",1
"Mack, W. B.",1
"Gardner, C. A.",1
"Joret, M.; Malterre",1
"Menor, P. C.",1
"White, W. N.",1
"Büttner, K.",1
"Dusseau, A.",1
"Borthwick, H. A.; Parker, M. W.; Scully, N. J.",1
"Penman, H. L.; Keen, B. A.",1
"Flint, L. H.; McCaluter, E. D.",1
"Wright, R. C.; Pentzer, W. T.; Whiteman, T. M.; Rose, D. H.",1
"Eaton, S. V.",1
"Hartsema, A. M.; Blaauw, A. H.",1
"Glock, W. S.",1
"Andrewartha, H. G.",1
"Clayton, H. H.",1
"Kvasnikov, V. V.",1
Ducomet,1
"Kovrovceva, S. A.",1
"Collins, J. L.",1
"Clements, H. F.; Shigeura, G.; Akamine, E.",1
"Leopold, A. C.",1
"Garland, J. H.",1
"Rudorf, G.; Job, M. M.",1
"Lubimenko, V. N.; Hubbenet, E. R.",1
"Antonov, L. I.; Kalcevsky, K. A.; Ruguzov, A. M.; Fakulin, N.; Katagan, T. A.",1
"Dix, W.",1
"Briggs, G. E.; Kidd, F.; West, C.",1
"Webster, R. L.",1
"Stuart, N. W.",1
"Bakke, A. L.; Radspinner, W. A.; Maney, T. J.",1
"Pfeiffer, N. E.",1
"Thut, H. F.; Loomis, W. E.",1
"Machali, M.",1
"La Notte, F. S.",1
"Kleshnin, A.",1
"Montes, J. G.",1
"Koshal, R. S.; Fisher, Ronald Aylmer",1
"Zahour, R. L.",1
"Jarvis, T. D.",1
"De Backer, S. M.",1
"Miyaké, K.",1
"Hara, S.",1
"Clark, V. A.",1
"Iwanoff, L. A.; Thielmann, M.",1
"Gloyne, R. W.",1
"Chen, C. S.",1
"Chamney, N. P.",1
"Celjadinova, A. J.",1
"Allard, H.",1
"Clark, J. A.; Martin, J. H.; Parker, J. H.",1
Nikitin,1
"Puckett, H. B.",1
"Maas, D.",1
"Breese, A.; Bradbury, N. E.",1
"Lundegardh, H.",1
"Dastur, R. H.; Mehta, R. J.",1
"Show, S. B.",1
"Enfer, Y.",1
"Weightman, R. H.",1
"Ogg, W. G.",1
"McKenzie, K. A.",1
"Kulvanovsky, S.",1
"Hayer, E.",1
"Emmert, E. M.",1
"Bouyoucos, G. J.; McCool, M. M.",1
"Jack, H. A.",1
"Parodi, H.",1
"Langbein, W. B.",1
"Aleksandrov, A.; Slobodnikov, D.",1
"Bullard, E. C.",1
"Paddock, W.; Charles, F. G.",1
"Lorenz, O. A.",1
"Haupt, W.",1
"Alba, Paul",1
"Black, W. R.",1
"Heinicke, A. J.; Hoffman, M. B.",1
"Baldwin, H. I.",1
"Crane, H. L.",1
"Koeppe, C. E.",1
"Brown, A. J.; Worley F. P.",1
"Mills, C. A.",1
"Eckerson, S.",1
"Kogure, M.",1
"Seelhorst, C.; Fresenius, J.",1
"Hambrouck, C.",1
Cartier,1
"Herbert, D. A.",1
"Lebuja, M.",1
"Fomin, I.",1
"Goff, E. S.",1
"Pavlov, V. N.",1
"Parker, M. W.; Hendricks, S. B.; Borthwick, H. A.",1
"Herrod Hempsall, W.",1
"Gail, F. W.",1
"Pisek, A.; Cartellieri, E.",1
"Smith, C. F.",1
"Nightingale, G. T.; Schermerhorn, L. G.",1
"Baker, G. A.; Brooks, R. M.",1
"Odén, S. L. A.; Ångström, A.",1
"Pereira, A. B.",1
"McClellan, W. D.; Christie, J. R.; Horn, N. L.",1
"Collaer, P.",1
"Sadovsky, V.",1
"Bider, M.",1
"Cardwell, A. B.; Flora, S. D.",1
"Philipsborn, E. V.",1
"Bielich, F.",1
"Traub, H. P.; Steinbauer, C. E.",1
"Chodat, F.; Kann, S.",1
"Kuperman, F. J.; Kucerjavaja, M.",1
"Verow, O.",1
"Porter, A. M.",1
"Kimbrough, W. D.; Costa, D.",1
"Long, T. P.; Kersten, H.",1
"Grainger, J.; Allen, A. L.",1
"Egypt, Ministry of Public Works, Physical Deptartment",1
"Wharton, M. F.; Hobart, C.",1
"Volkov, I. A.; Pimanov, F. S.",1
"Sears, P. B.",1
"Sipcinsky, A. V.",1
"Hurst, R. R.; MacLaren, H. L.",1
"Baker, G. O.; Vandecaveye, S. C.",1
"MacIntire, W. H.; Shaw, W. M.",1
"Lewis, H.; Went, F. W.",1
"Wolfe, J. N.; Wareham, R. T.; Scofield, H. T.",1
"Koch, H.",1
"Steinberg, R. A.; Garner, W. W.",1
"Melander, L. W.",1
"Schade, A.",1
"Cunningham, J. C.",1
"Vène, J.",1
"Earley, E. B.; Cartter, J. L.",1
"Owen, F. V.; Carsner, E.; Stout, M.",1
"Verret, J. A.; McLennan, R. H.",1
"Seeley, Dewey A.",1
"Neustädt, W.",1
"Lauritzen, J. I.; Brandes, E. W.; Matz, J.",1
"Schubert, W.",1
"Jacob, F.",1
"Roney, J. N.",1
"Barron, W. E.",1
"Pieters, A. J.",1
"Schribaux, M.",1
"Tsai, P. H.; Chang, Y. H.",1
"Pfaff, W.",1
"Goodspeed, T. H.",1
"Bastamov, S. L.",1
"Bilancini, R.",1
"Katunskij, V. M.",1
"Klapp, E.; Spennemann, F.",1
"Schreckenthal, G.",1
U.S. Weather Bureau,1
"Sprague, H. B.; Evaul, E. E.",1
"Rambousek, F.; Neuwirth, F.",1
"Baker, O. E.",1
"Petrov, A.",1
"Papadakis, J. S.",1
"Batmanov, V. A.",1
"Doroshenko, A. V.; Karpechenko, E. D.; Nesterara, E. I.",1
Deutsche Landwirtschafts-Gesellschaft,1
"Elsasser, W. M.",1
"Chapman, R. N.; Wall, R.; Garlough, L.; Schmidt, C. T.",1
"Harris, J. A.; Lee, H. A.",1
"Mack, W. B.; Livingston, B. E.",1
"Stern, F. C.",1
"Zurzycki, J.",1
"Miller, E. H.",1
"Paravicini, E.",1
"Margarit, P.",1
"Kimball, D. A.",1
"Schneidewind, W.; et al.",1
"Sutcliffe, R. A.",1
"Martinez, E. A.",1
"Wussow, G.",1
"Koehne, W.; Friedrich, W.",1
"Shull, C. A.",1
"Kolotov, S.",1
"Janert, H.; Schönfeld, E. von",1
"Atkins, W. R. G.; Stanbury, F. A.",1
"Trapp, E.",1
"Kalamkar, R. J.; Gadre, K. M.",1
"Kallos-Deffner, L.",1
"Sato, K.; Yumiyama, H.",1
"Frazier, W. A.; Kikuta, K.; Hendrix, J. W.",1
"Papajoamou, J.",1
"Ministry of Agriculture, Great Britain",1
"Brandes, E. W.; Coons, G. H.",1
"Magistad, O. C.",1
"Werner, H. O.; Dutt, J. O.",1
"Vine, J.",1
"Kolmogorov, A. N.",1
"Sulz, A. D.",1
"Post, K.; Howland, E. J.",1
"Magruder, P.; Allard, H. A.",1
"Bowie, E. H.",1
"Maurain, Ch.",1
"Tottingham, W. E.; Dutton, H. J.",1
"Steinberg, R. A.",1
"Dimitri, M. J.",1
"Clements, F. E.",1
Vageler,1
Paulssen,1
"Aldrich, W. W.; Work, R. A.; Lewis, M. R.",1
"Brabléc, J.",1
"Singarev, M.",1
"García Romero, A.",1
"Campbell, R. E.",1
"Schick, T.",1
"Tysdal, H. M.; Pieters, A. J.",1
"Nicol, H.",1
"Patterson, H. J.",1
"Lauscher, F.; Schwable, W.",1
"Milewski, M.",1
"Morton, F.",1
"Baker, O. E.; Brooks, C. F.; Covert, J. R.; Hainesworth, R. G.",1
"Kuznecov-Ugamsky, N. N.",1
"Kostin, S.",1
"Landsberg, H.",1
"Romer, E.",1
"Baker, F. S.",1
"Anderson, E. S.",1
"Aubert, S.",1
"Fenzel, G.",1
"Wilson-Barker, D.",1
"Bouget, J.; De Virville, A. D.",1
"Hammer, K. C.",1
"Geslin, H.; Marcel, M.; Servy, J.",1
"Petunin, I. M.",1
"Dastur, R. H.; Kanitkar, U. K.; Rao, M. S.",1
"Livingston, B. E.",1
"Steinbauer, C. E.; Steinbauer, G. P.",1
"Klingman, G. C.",1
"Hyde, E. O. C.",1
"Spennemann, F.",1
"Tincker, M. A. H.; Jones, M. G.",1
"Blagorazumov, V. D.",1
"Heyward, F.",1
"Hallstead, A. L.; Mathews, O. R.",1
"Grasovsky, A.",1
"Hartman, J. D.",1
"Figurovskii, I. I.",1
"Galston, A. W.",1
"Malhrota, R. C.",1
"Ashburn, E. V.",1
"Boysen-Jensen, P.",1
"Skinner, H. T.",1
"Karapiperes, P. P.",1
"Rogers, W. S.",1
"Tornau, O.; Meyer, K.",1
"Maltais, J. B.",1
"Beran, O.",1
"Clarke, W. S.",1
"Eryomin, G. G.",1
"Eshbaugh, F. P.",1
"Knoche, W.; Borzacov, V.",1
"Razumov, V. I.",1
"Berezina, S.; Kulvanovsky",1
"Withrow, R. B.; Benedict, H. M.",1
"Coleman, D. A.; Rothgeb, B. E.; Fellows, H. C.",1
"Tao, S. Y.",1
"Halma, F. F.; Haas, A. R. C.",1
"Halden, B. E.",1
"Blackman, G. E.",1
Leningradsk. Bjuro Krajevednia,1
"Baker, C. L.; Brown, H. D.",1
"British Commonwealth Science Official Conference, Specialist Conference in Agriculture",1
"Mitscherlich, E.",1
"Brand, C. J.; Waldron, L. R.",1
"Steeger, A.",1
"McCool, M. M.",1
"Densch, A.; Hunnius",1
"Laurie, A.; McElwee, E. W.",1
"Schulz, P.",1
"Neil, J. C.",1
"Portal, P.",1
"Mercanton, P. L.; Stouky, Paul",1
"Bassenko, G. I.",1
"Swanberg, J. H.",1
"Dunton, H. K.; Megee, C. R.",1
"Lin, L.; Watson, D. P.",1
"Kleinau, E.",1
"Bambacioni, V.",1
"Wiggans, C. B.",1
"Evans, M. W.; Allard, H. A.",1
"Blackman, G. E.; Rutter, A. J.",1
"Guyot, E.; Godet, C.",1
"Lindemann, C.",1
"Skvorzov, S. S.",1
"Matsumoto, T.; Yakamoto, W.; Hirane, S.",1
"Ramanathan, K. R.",1
"Russell, R. J.",1
"Ballenegger, R.",1
"Leake, H. M.",1
"Parker, E. R.",1
"Reed, W. G.; Tolley, H. R.",1
"Payne, M. G.; Fults, J. L.",1
"O'Donnell, W. W.; Bayfield, E. G.",1
"Trewartha, G. T.",1
"Spoehr, H. A.",1
"Desprez, F.",1
"Clements, H. F.; Kubota, T.",1
"Jones, B.",1
"Edmundson, W. C.",1
"Unckrich, A.",1
"Hall, D.",1
"Roberts, R. H.; Burk, E. F.",1
"Henderson-Smith, J.",1
"Beck, D. E.",1
"Kreier, E. P.",1
"Bissland, J. H.",1
"Gorczynski, W.",1
"Moore, C. N.; Haskins, C. P.",1
"Christensen, J. J.",1
"Garrett, S. G.",1
"Niklewski, M.",1
"Tornier, R.",1
"Martin, J. H.",1
"Hasché, E.",1
"Ashby, E.; Oxley, T. A.",1
"Cline, J. L.",1
"Shanks, J. B.; Laurie, A.",1
"Selavri, M. K.",1
"Theiss, L. E.",1
"Clark, J. E.; Margary, I. D.; Marshall, R.; Cave, C. J. P.; Bonacina, L. C. W.",1
"Gray, G. F.",1
"Ward, R. D.",1
"Briggs, G. E.; West, C.",1
"Chasant, M.",1
"Ufer, M.",1
"Biebel, J. P.",1
"Rabak, F.",1
"Etkin, M. J.",1
"Kuzmenko, A. A.",1
"Steinbauer, G. P.",1
"Kock, H. G.",1
"Sivori, E.; Went, F. W.",1
"Werth, E.",1
"Busse, W. F.",1
"Bouget, J.; Davy de Virville, A.",1
U.S. Department of Air Force,1
"Trankevitch, N. N.",1
"Roseau, H.",1
"Ijjasz, E.",1
Loris-Melikov,1
"Zweigelt, F.",1
"Dillman, A. C.; Hopper, T. H.",1
"Tageeva, S.",1
"Woodrow, A. W.",1
"Ording, A.",1
"Ware, W. M.",1
"Miller, E. S.; Burr, G. O.",1
"Pavlov, K.",1
"Kondratieva, S. M.",1
"Foex, E.",1
"Shibata, K.",1
"Harrison, C. M.",1
"Struckmeyer, B. E.; MacVicar, R.",1
"Patton, P.",1
Naturen,1
"Dörfel, F.",1
"Dines, W. H.",1
"Coles, R.",1
"Peturson, B.",1
"Neidle, E. K.",1
"Throught, T.; Afzal, M.",1
"Hayashi, T.",1
"Daniel, L.",1
"Weickmann, L.",1
"Hecht, W.",1
"Gourley, J. H.; Nightingale, G. T.",1
"Rudovic, L.",1
"Alcázar Martínez, E.",1
"Duggar, B. M.",1
"Brockmann-Jerosch, H.",1
"Schreiber, P.",1
"Peltier, G. L.; Kiesselbach, T. A.",1
"Flynn, W. A.",1
"Vertela, M. P.",1
"Janert, H.",1
"Eldredge, J. C.",1
"Overholser, E. L.",1
"Inagaki, O.",1
"Thornber, J. J.",1
"Fritzsche, G.",1
"Warrington, K.",1
"Whitcomb, W. D.",1
"Hopkins, J. W.; James, N. F.",1
"Boresch, K.",1
"Heiss, E.",1
"Kocergina, V. M.",1
"Petonke, M.",1
"Russel, C. J.",1
"Naylor, A. W.",1
"Scurti, F.; Pavarino, G. L.",1
"Pjatnicky, G. K.",1
"Lenoble, F.",1
"Boelter, L. M. K.; Cherry, V. H.; Jackson, H. A.; Martinelli, R. C.",1
"Bardin, R.",1
"Withrow, R. B.; Withrow, A. P.",1
"Harris, J. A.",1
"Hereik, F.",1
"Wassink, E. C.; Krijthe, N.; van der Scheer, C.",1
"Kimball, D. A.; Ruhnke, J. N.; Glover, M. P.",1
"Richardson, H. L.",1
"Koncevic, E.",1
"Ruedy, R.",1
"Hardenburg, E. V.",1
"Malov, J.",1
"Tippett, L. H. C.",1
"Hasselbring, H.",1
"Phillips, H. A.",1
"Mkros, J.; Novak, V.",1
"Connaughton, C. A.",1
"Jenny, H.; Leonard, C. D.",1
"Aggradi, M.",1
"Aleksandrov, V. V.; Uchora, V. P.",1
"Terada, K.",1
"Kidd, F.; West, C.",1
Wiesenberg,1
"Legget, R. F.; Peckover, F. L.",1
"Tocidlovskaja, K. I.",1
"Kreutz, W.; Rohweder, M.",1
"Vorobjov, S. O.",1
"Diller, O. D.",1
"Davis, R. L.",1
"Speyer, W.",1
"Young, H. D.",1
"Karling, J. S.",1
"Vidal, A.",1
"Taylor, H. V.",1
"Arny, A. C.",1
"Fuller, J. E.; Jones, L. H.",1
"Carolus, R. L.",1
"Wittschell, L.",1
"Kimball, H. H.; Hand, I. F.",1
"Ivanov, L.",1
"Cyplenkov, V.",1
"Beljakov, M. V.",1
"Wilson, J. D.; Welton, F. A.",1
"Raabe, E. W.; Kohn, H. L.",1
"Neiburger, M.",1
"Haas, A. R. C.",1
"Kendrick, J. B.",1
"Mitchell, W. C.",1
"Clark, N.",1
"Knight, R. L.",1
"Seaton, H. L.; Kremer, J. C.",1
"Findiklis, T. T.",1
"Guild, W. R.",1
"Astrov, N.",1
"Wright, R. C.; Peacock, W. N.; Whiteman, T. M.",1
"Clark, J.A.",1
"Kulik, M. S.",1
"Hogben, G. L.",1
"Fleagle, R. G.",1
"Partridge, N. L.; Veatch, J. O.",1
"Dickson, J. G.; Holbert, J. R.",1
"Johnson, I. J.",1
"Spoehr, H. A.; Smith, J. H. C.",1
"Brewster, D. R.",1
"Abbot, C. G.",1
"Radyseva, A. M.",1
"Haasis, F. W.; Thrupp, A. C.",1
"Henry, A. J.; Kincer, J. B.; Frankenfield, H. C.; Gregg, W. R.; Smith, B. B.; Munns, E. N.",1
"Roberts, R. H.; Stuckmeyer, B. E.",1
"Falckenberg, G.",1
"Maresquelle, J. H.",1
"Yates, F.",1
"Martin, E. V.",1
"Runyon, E. H.",1
"Lonnquist, B. E.; Jugenheimer, R. W.",1
"Sambikin, M. M.",1
"Federov, A. V.",1
"Bell, G. D. H.",1
"Berce, R.; Wilbaux, R.",1
"Patten, H. E.",1
"Knott, C. G.",1
"Andrews, J. P.",1
"Lijsten, A.",1
"Eaton, F. M.",1
"Church, J. E.",1
"Kalamkar, R. J.; Singh, S.",1
"Poole, R. F.",1
"Rivière, G.; Pichard, G.",1
"Bogdanoff, P. L.",1
"Koidsumi, K.",1
"Sigault, M.",1
"Bradford, F. C.",1
"Chandler, W. H.; Kimball, M. H.; Philip, G. L.; Tugts, W. P.; Weldon, G. P.",1
"Nightingale, G. T.; Blake, M. A.",1
"Brooks, R. M.; Philip, G. L.",1
"Smith, A.; Flint, F. W.",1
"Cairns, D.",1
"Popov, A. V.",1
"Maxwell, C. W. B.",1
"Miller, J. M.",1
"Harris, J. B.",1
"Bakke, A. L.; Gaessler, W. G.",1
"Lauritzen, J. I.",1
"Lever, R. J. A. W.",1
"Darkis, F. R.; Dixon, L. F.; Wolf, F. A.; Gross, P. M.",1
"Stavropol' skii Krai, Zemel'noe Upravlenie",1
"Scheinert, R.",1
"Harukawa, C.; Kondo, S.",1
"Dastur, R. H.; Solomon, S.",1
"Livanov, A. A.",1
"Mirocknitchenko, J. G.",1
Percev,1
"Doroshenko, A. V.; Karpechenko, E. D.; Nesterova, E. I.",1
"Berkley, E. E.",1
"McIntyre, A. C.; Schnur, G. L.",1
"Hale, G. A.",1
"Hursh, C. R.; Haasis, F. W.",1
E. T.,1
"Dachnowski-Stokes, A. O.",1
"Shutt, F. T.",1
"Larraga, D.",1
"Garcia Mata, C.; Shaffner, F. I.",1
"Nicholson, N. M.; Walter, A.",1
"Davy de Virville, A.",1
"Shields, C. M.",1
"Cannon, W. A.",1
"Gardner, F. E.",1
"Hoffmann, M.",1
"Stevens, A. O.",1
"Palmer, A. H.",1
"Mork, E.",1
"Dubhashi, R. S.",1
"Kartasov, I.",1
"Bruno, F.",1
"Erman, C.",1
"Dean, L. A.",1
"Mitchell, H. L.",1
"Veihmeyer, F. J.; Hendrickson, A. H.",1
"Stampe, I. G.",1
"Waśniewski, S.",1
"Schilcher, E.",1
"Brooks, F. A.; Berggren, W. P.",1
"Broadbent, L.",1
"Bliss, D. E.",1
"Stauffer, R. S.",1
"Zacks, M. B.",1
"Burkholder, W. H.",1
"Deinhofer, J.; Lauscher, F.",1
"Pettit, E.; Nicholson, S. B.",1
"Krebs, K.",1
"Simpson, A. G.",1
"Daigo, Y.; Suzuki, Y.",1
"Leeson, H. S.",1
"Franco, C. M.",1
"Krasnosselsky-Maximov, T. A.",1
"Tsyganov, M. S.",1
Lozina-Lozinsky,1
"Biolley, M.",1
"Taylor, J. W.; McCall, N. A.",1
"Verner, L.",1
"Walker, J. C.; Smith, R.",1
"Lampe, L.",1
"Renaud, A.",1
"Kolesnikov, V. A.",1
"Okada, T.",1
"Komkov, V. N.; Nadtoka, I. M.",1
"Catran, F.",1
"Darrow, G. M.; Sherwood, H.",1
"Musbach, F. L.; King, M. L.",1
"Henry, L. K.",1
"Kemmer, E.",1
"Viggiani, D. G.",1
"De Padua Dias, A.",1
"Joshi, K. V.",1
"Coster, C.",1
"Schubert, K.",1
"Maksimov, N. A.",1
Oxford University Agricultural Economics Research Institute,1
"Bidenko, L. F.",1
"Franc de Ferrière, P. J. J.; Grenier de Ruère, J.; Simèon, S.",1
"Throught, T.",1
"Snodgrass, C. P.",1
"Hall, H. M.",1
"Esper, H. C.; Roof, L. R.",1
"Klimenko, G. A.; Kozlova, Z. M.",1
"Amende, H.",1
"Dimič, A.",1
"Elenev, L. K.",1
"Chandler, D. C.",1
"Beaumont, A.",1
"Hoagland, D. R.; Davis, A. R.",1
"Brüne, F.",1
"Brooks, F. A.",1
"Ernst, F.",1
"Jones, F. R.; Tisdale, W. B.",1
"Balickaja, T. V.",1
"Manzoni, L.; Puppo, A.",1
"Gueihstor, V.",1
"Clark, W. G.",1
"Schumacher, F. X.; Meyer, H. A.",1
"Smith, H. F.",1
Störmer,1
"Ivanov, V. K.",1
"MacDougal, D. T.; Pond, R. H.",1
"Zon, R.; Graves, H. S.",1
"Belotelkin, K. T.",1
"Luncz, Z.",1
"Carrick, D. B.",1
"Lund, H. O.",1
"Neuberger, H. H.; Briscoe, S. F.",1
"Gray, W. S.; Nassar, A. A.",1
"Lutz, H. J.; Chandler, R. F.",1
"San Pedro, A. V.",1
"Vavilov, N. I.; Bukinich, D. D.",1
"Bartnicki, L.",1
"Baka, A.",1
"Keen, B. A.; Russell, E. J.",1
"Sweetman, H. L.",1
"Cajlachjan, M. C.",1
"Kephalās, A.",1
"Allen, R. C.",1
"Tracy, W. W.",1
"Jollief, J. H.",1
"Strickland, A. G.",1
"Highland, S. G.",1
"Krügler, F.",1
"Ludwig, C. A.",1
"Perlewitz, P.",1
"Firbas, F.",1
"Mazzoni, G.",1
"Ensign, M. R.",1
"Smirnov, A. A.",1
"Plagge, H. H.",1
"Ussenko, P.",1
"Zimmerman, P. W.; Hitchcock, A. E.",1
"Lund, E. J.",1
"Stickel, P. W.",1
"Cooper, H. P.",1
"Clements, F. E.; Long, F. L.",1
"MacDonald, W. F.",1
"Negolov, S. F.",1
"French, C. S.; Kohn, H. I.; Tany, P. S.",1
"Watson, A. N.",1
"Fedorov, E. E.; Gedeonov, A. D.",1
"Hirschhorn, J.",1
"Keller, B.",1
"Maclagan, J. F. A.",1
"Hoover, W. H.",1
"Jones, F. R.",1
"Childs, L.; Brown, G. C.",1
"Albrecht, B. E.; Gavrilova, L. G.; Lubimenko, V. N.",1
"Roe, H. B.; Neal, J. H.; Colby, B. R.; Colby, B. C.",1
"Sofoterov, N. K.; Iovenko, N. G.",1
"Israel, H.",1
"Brooks, C. F.",1
"Chandler, W. H.",1
"Leick, E.",1
"Johnson, E. L.",1
"Goujon, J.",1
"Auchter, E. C.; Harley, C. P.",1
"Crépin, A.",1
"Beruldsen, E. T.",1
"Reinecke, O. S. H.",1
"Beaucarnot, R.",1
"Koenig, M.",1
"Ginestous, G.",1
"Lunelund, H.",1
"Beljakoff, E.",1
"Biel, E.",1
"Luterstein, I. G.; Skvorcov, A. A.",1
"Aderhold, R.",1
"Hackmann, G.",1
"Safta, J.",1
"Sefer-Safonova, E. J.",1
"Barnes, S.",1
"Chien-Lang, P.",1
"Robinson, G. D.",1
"Melchers, L. E.",1
"Rogoziński, A.",1
"Shands, H. L.",1
"Lindgren, D. L.; Shepard, H. H.",1
"Gulloz, R.",1
"Turnbull, J.",1
"Tottingham, W. E.; Kerr, H. W.",1
"Collison, R. C.",1
"Wilde, J. E.",1
U. S. Department of Agriculture,1
"Aleksandrov, V. N.",1
"Shaw, G. W.",1
"Newton, R.; Brown, W. R.",1
"Kuckov, M. N.",1
"Wilson, J. D.",1
"Scully, N. J.; Domingo, W. E.",1
"Thomson, B. F.",1
"Kondo, I. N.",1
"Ball, C. R.; Leighty, C. E.; Stine, O. C.; Baker, O. E.",1
"Vinall, H. N.; Reed, H. R.",1
"Vahl, M.; Humlum, J.",1
"von Sostaric-Pisacic, K.",1
"Mossolov, V. P.; Succkova, P. A.",1
"Gates, F. C.",1
"Wadley, F. M.",1
"Raventos, J. V.",1
"Hammond, P. F.; Goslin, R,",1
"Samofal, S. M.",1
"Armand, D. L.",1
"Kolomiec, I. A.",1
"Busse, W.",1
"Walker, G.",1
"Thorpe, J.",1
"Withrow, A. P.; Withrow, R. B.",1
"Albert, D. W.; Hilgeman, R. H.",1
"Zdanovskii, I. A.; Naryshkina, E. P.",1
"Kondo, M.; Okamura, T.",1
"Roe, H. B.",1
"Viala, P.",1
"Bransen, T. E.",1
"Arrhenius, O.",1
"Dumas, A.",1
"Wishart, J.; Mackenzie, W. A.",1
"Bennion, N. L.; Warren, D. C.",1
"Aichele, H.",1
"Atanasoff, D.; Johnson, A. G.",1
"Elvez, A. E.",1
"Hafenrichter, A. L.",1
"Krutichovsky, V. K.",1
"Ventskevich, G. Z.",1
"Gassner, G.; Rabien, H.",1
"Delorme, E.",1
"Massibot, J. A.",1
"Murneek, A. E.; Whyte, R. O.",1
"Ducomet, V.; Crepin, C.",1
"Gedeonov, A. D.; Fedorov, E. E.",1
"Chabrolin, C.",1
"Raup, H. F.",1
"Appleman, C. O.; Eaton, S. V.",1
"Overholser, E. L.; Overley, F. L.; Claypool, L. L.",1
"Arthur, J. M.; Guthrie, J. D.; Newell, J. M.",1
"Chlebnikova, N. A.",1
"Sergeev, A. M.",1
"Thomas, A. S.",1
"Wellington, R.",1
"Popp, H. W.; Brown, F. A.",1
"Demolon, A.; Geslin, H.; Poli, C.",1
"Stelzner, G.; Rudorf, W.",1
"Figurovsky, J. V.",1
"Dhar, N. R.; Ram, A.",1
"Brierley, W. G.; Angelo, E.",1
"Long, A. P.",1
"Callaghan, A. R.",1
"Kestner, O.",1
"Wilson, P. W.",1
"Bender, H.",1
"Balachowsky, A.",1
"Rimsky Korsakov, M. N.",1
"Purvis, O. N.",1
"Bonne, C.",1
"Popov, A.; Zilkina, A.",1
"Hopkins, E. W.",1
"Nicholson, H. H.; Pantin, B.",1
"Hansen, N. E.",1
"Alam, M.",1
"Fife, L. C.",1
"Larose, E.; Vanderwalle, R.",1
"Laude, H. H.",1
"Posega, E.",1
"Koenuma, K.",1
"Dahl, A. S.",1
"Tottingham, W. E.; Stephens, H. L.; Lease, E. J.",1
"Geslin, H.; Alabouvette, L.",1
"Urbain, P.",1
"Cox, H. J.",1
"Stärk, E.",1
"Lamour, R. K.; Mallock, J. K.; Geddes, W. F.",1
"Boischot, P.; Albert, T.",1
"Moniak, J.; Stenz, E.",1
"Marbury, J. B.",1
"Beck, W. A.",1
"Thayer, L. A.",1
Skorcov,1
"Kellerman, K. F.",1
"Tsinzerling, I. D.",1
"Clark, S. E.; Tisdale, E. W.; Skoglund, N. A.",1
"Kodama, H.",1
"Briner, E.; Chodart, F.; Paillard, H.",1
"Baur, F.",1
"Bychikhina, E. A.",1
"Fischer, A.",1
"Schuster, C. E.",1
"King, C. J.; Eaton, E. D.",1
"Bryan, K.",1
"Anderssen, F. G.",1
"Vasiljev, I.",1
"Kol'tsov, L. I.",1
"Day, P. C.",1
"Schmidt, W.; Geiger, R.",1
"Chlebnikova, N.",1
"Pittioni, B.",1
"Verchère, P.",1
"Popov, B. G.; Martynov, V. M.",1
"Tschermak, E.",1
"Bracken, F. A.; Cardon, P. V.",1
"Zitkov, M.",1
"Friedberg, L.",1
"Strain, H. H.",1
"Corkins, C. L.",1
"Brutzkus, B.; et al.",1
"Halma, F. F.",1
"Emmert, E. M.; Ball, F. K.",1
"Newhall, F.",1
"Gane, R.",1
"Lamb, C. A.",1
"Van den Muyzenberg, E. W. B.",1
"Hadji-Zade, M.",1
"Eghis, S. A.",1
"Nelson, E. W.",1
"Burrows, A. T.",1
"Bolas, B. D.",1
"Krüger, E.",1
"Kaminsky, A.",1
"Tugarinov, A. J.",1
"Wallace, T.",1
"Geiger, R.; Hermann, Z.",1
"Combes, R. L.",1
"Borthwick, H. A.; Hendricks, S. B.; Parker, M. W.",1
"Kessler, O. W.; Kaempfert, W.",1
"Kudrjasov, J.",1
"Brynski, K.",1
"Popp, H. W.; Charlton, F. B.",1
"Tapke, V. F.",1
"Lewis, M. R.; Work, R. A.; Aldrich, W. W.",1
"Daniel, H. A.",1
"Ivanov, P. I.; Berdicevsky, E. J.",1
"Fabian, F. W.; Bryan, C. S.",1
"West, E. S.",1
"Åkerman, A.",1
"Ewing, E. C.",1
"Suzuki, O.",1
"Clements, F. E.; Martin, E. V.",1
"Shuck, A. L.",1
"Sanson, J.; Pardé, M.",1
"Dammann, W.",1
"Martin, J. H.; Harris, J. A.; Jones, I. D.",1
"Rempp, G.",1
"Poesch, G. H.; Laurie, A.",1
"Morozov, V. K.",1
"Smith, C. W.",1
"Clausen, J. D.; Keck, D. D.; Hiesey, W. M.",1
"Böhmer, K.",1
"Jenkins, M. T.",1
"Agostinho, J.",1
"Morris, W. G.",1
"Cullinan, F. P.; Weinberger, J. H.",1
"Curtis, O. F.; Herty, S. D.",1
"Suss, N. I.",1
"Löwy, A.",1
"Schostakowitsch, W. B.",1
"Rudderham, J. A.; Webster, C. O.",1
"Lepeschkin, W.",1
"Aragon, M.",1
"Martin, J. H.; Taylor, J. W.; Leukel, R. W.",1
"Constantin, J.",1
"Zscheile, F. P.; White, J. W.; Beadle, B. W.; Roach, J. R.",1
"Marchi, V.",1
"Günther, E.",1
"Chesley, L. C.",1
"Hemmi, T.",1
"Anderson, P. J.; Swanback, T. R.; Street, O. E.",1
"Pasteur, E.",1
"Davis, A. R.; Hoagland, D. R.",1
"Smith, W. O.; Byers, H. G.",1
"Seamans, H. L.",1
"Crabb, G. A.",1
"Parker, J. H.",1
"Schnieder, R.",1
"Brackett, F. S.; Wulf, O. R.",1
"George, D. W.",1
"Shallenberger, J. A.; Johnson, J. A.; Laude, H. H.; Miller, G. D.",1
"Szpringer, H.",1
"Lebrija Celay, M.",1
"Hibbard, R. P.",1
"Steinbauer, C. E.",1
"Patwardhan, V. G.; Apte, N. G.",1
"Hammer, B. W.; Hussong, R. V.",1
"Sharples, A.",1
"Rodyseva, A. M.",1
"Iljin, S. S.",1
"Meyer, B. S.",1
"Craigie, J. H.",1
"Sjöström, M.",1
"Ribbey, R. O.",1
"Novoskolceva, M. F.",1
"Wiley, H. W.",1
"Stähelin, R.",1
"Keränen, J.",1
"Cooley, L. M.",1
"Sprague, H. B.",1
"Garber, R. J.; Hoover, N. M.",1
"Poulter, R. M.",1
"Haldén, B. E.",1
"Casado, M. P.",1
"Sheard, C.; Higgins, G. M.",1
"Segelken, J. G.",1
"Bergann, F.",1
"Gordon, W. L.",1
"Bryan, C. S.",1
"Tojo, K.",1
"Demcisnky, B. N.",1
"Page, J. L.",1
"Tincker, M. A.",1
"Konold, G.",1
Alumnus (alias E. Somerfield),1
"Herbert, P. A.",1
"Garner, W. W.; Bacon, C. W.; Allard, H. A.",1
"Darkis, F. A.; Dixon, L. F.; Wolf, F. A.; Gross, P. M.",1
"Orchard, O. B.; Bewley, W. F.",1
"Momot, J. G.",1
"Lejava, A. M.",1
"Foster, E. E.",1
"Bouget, J.",1
"Harrington, E. L.",1
"Beach, F. H.",1
"Skossyreva, K.",1
"Hodges, J. A.",1
"Harrington, H. H.",1
"Akemine, M.",1
"Körner, W. F.",1
"Jougan, E.",1
"Schneider, M.",1
"Roberts, R. H.; Kraus, J. E.",1
"Kusnetsov, D. S.",1
"Kellogg, C. E.",1
"Clute, W. N.",1
"Moniak, J.",1
"Rosenkranz, J.",1
"Bose, R. D.",1
"Willham, O. S.",1
"Ivanov, B. K.",1
"Johnson, J.",1
"Powell, L. B.",1
"Schimpf, R.; Aschenbrenner, C.",1
"Apostolov, L. J.",1
"Napper, M. E.",1
"Bruner, W. E.; Weaver, J. E.",1
"Yeng, C. F.",1
"Chochleva, A.",1
"Trelease, S. F.",1
"Kondo, I. M.; Okarmura, T.; Isshiki, S. L.; Kasshara, Y.",1
"Henry, A. J.",1
"Watson-Watt, R.",1
"Nizenkov, N.",1
"Flory, W. S.; Walker, J. C.",1
"Smith, W. H.",1
"Inamdar, R. S.; Dabral, B. L.",1
"Illichevsky, S.",1
"Yoshii, Y.",1
"Auchter, E. C.; Schrader, A. L.",1
"Nelson, C. H.",1
"Nichols, E. S.",1
"Hutt, W. N.",1
"Douglass, A. E.",1
"Moore, B.; Richard, H. M.; Gleason, H. A.; Stout, A. B.",1
"Termer, F.",1
"Schad, Ch.",1
"Rubcov, I. A.",1
"Shaposhnikova, Z. B.",1
"Franklin, H. J.; Bergman, H. F.; Stevens, N. E.",1
"Wunder, B.",1
"Stoletov, V.",1
"Désalbres, M.",1
"Deters, M. E.",1
"Dhar, N. R.",1
"Schultze, H.",1
"Boswell, V. R.; Pearson, O. H.; Work, P.; Brown, H. D.; MacGillivray, J. H.; Seaton, H. L.; Starr, G. E.; Bayles, J. J.; Friend, W. H.; Hawthorn, L. R.; Morris",1
"Darrow, G. M.; Walde, G. F.",1
"Briggs, G. E.",1
"Brackett, F. S.; Johnston, E. S.",1
"Dingle, A. N.",1
"Brooks, F. A.; Fisher, D. F.",1
"Kozlowski, T. T.",1
"Hoblyn, T. N.",1
"Brazier, C. E.; Eblé, L.",1
"Metalnikov, S. S.",1
"Franc de Ferrière, P. J. J.",1
"Kiesselbach, T. A.; Anderson, A.; Russel, C. J.",1
"Kovalenko, J. M.",1
"Lubimenko, V. N.; Sceglova, O. A.",1
"Morada, E. K.",1
"Peacock, W. M.",1
"Potapenko, G. I.",1
"Bensin, B. M.",1
"Smith, L. P.; Gloyne, R. W.",1
"Bünger, H.",1
"Orcutt, F. S.; Fred, E. B.",1
"Fredrich, W.",1
"Nelson, A.",1
"Dunham, W. E.",1
"Sakaide, Z.",1
"Haeuser, J.",1
"Blaauw, A. H.; Hartsema, A. M.; Huisman, E.",1
"Zdanov, K. R.",1
"Thornthwaite, C. W.; Biel, E. R.; Church, P. E.; Jacobs, W. C.; Landsberg, H.; Leighly, J. B.; Hafstad, K.",1
"Novik, F. A.; Simonov, B. F.; Romanov, M. A.",1
"Dufoux, C.",1
"Plin, H.",1
"Overley, F. L.; Overholser, E. L.; Haut, I. A.",1
"Beyer, A.",1
"Cornish, E. A.",1
"Verbetskii, K. L.",1
"McGill, E. I.",1
"Quisenberry, K. S.; Clark, J. A.",1
"Davtjan, G. S.",1
"Schapringer, I. J.",1
"Parker, M. W.; Hendricks, S. B.; Borthwick, H. A.; Went, F. W.",1
"Strachan, R.",1
"Lavrijcuk, B.",1
"Kramer, P. J.",1
"Yothers, M.A.",1
"Schanderl, H.; Kaempfert, W.",1
"Ware, K. M.",1
"Oden, Sven",1
"Cooper, J. P.",1
"Reynolds, E. B.; Killough, D. T.",1
"Wellman, F. L.",1
"Arthur, J. M.; Stewart, W. D.",1
"Darrow, G. M.; Waldo, G. F.",1
"Bogue, A. H.",1
"Timmons, F. L.; Salmon, S. C.",1
"Harshberger, J. W.",1
"Waller, A. E.",1
"Kraybill, H. R.",1
"Auchter, E. C.; Schrader, A. L.; Logasse, F. S.; Aldrich, W. W.",1
"Seelhorst, C.; Krzynowski",1
U.S.S.R. Agro-Gidrometeorologicheskii Institut,1
"Plitt, T. M.",1
"Schumann, T. E. W.; Thompson, W. R.",1
"Pekrovskaja, V. S.",1
"Durst, C. S.",1
"Woodworth, C. E.",1
"Brock, W. S.",1
"Davidson, D. W.",1
"Anderson, H. W.",1
"Burrill, M. F.",1
"Vujevic, P.",1
"Van Poletika, W. P.",1
"Nigram, B. S.",1
"Johnson, E. C.",1
"Malinowski, E.",1
"Konstantinov, P. J.",1
"Brindley, T. A.; Richardson, C. H.",1
Nathusius-Hundisburg,1
"De Long, W. A.; Beaumont, J. H.; Willaman, J. J.",1
"Filinger, G. A.",1
"Harder, R.",1
"Dunlop, W. R.",1
"Kaskarov, D. N.",1
"Dale, R. F.",1
"Kato, M.",1
"Loose, L.; Pearsall, W. H.",1
"Smith, O.; Cochran, H. L.",1
"Jones, H. A.; Borthwick, H. A.",1
"Voiko, N.; Kedrova, S,; Obuchova, A.",1
Kalmykov,1
"Adams, W. R.",1
"Hibben, S. G.",1
"Versinin, A. K.",1
"Tiren, L.",1
"Savicky, P.",1
"Smoljakov, P.",1
"Matallana Revuelta, G.",1
"Gocholashvili, M. M.",1
"Osorio, L. H.",1
"Bovie, W. T.",1
"Franklin, H. J.; Cross, C. E.",1
"Lauchli, E.",1
"Bureau of Meteorology, Melbourne",1
"Vladimirskaja, L.",1
"Tjuremnov, S. N.",1
"Rothe, G.",1
"Baroulina, E. I.",1
"Sibinga, E. S.",1
"Heybrock, W.",1
"Fishenden, M.; Saunders, O. A.",1
"Mead, D. W.",1
"Geslin, H.; Henin, S.; Marcel, M.",1
"Schenne, F.",1
"Nicholson, J. W.",1
"Roberts, R. A.",1
"Campbell, R. S.",1
"Smith, W. K.",1
"Cragoe, E. J.",1
"Howard, A.",1
"Becquerel, P.",1
"Ikeno, S.; Fujiwhara, S.",1
"Harris, H. A.",1
"Metzger, W. H.",1
"Kimball, H. H.",1
"Wellner, C. A.",1
"Hecht, W.; Himmelbaur, W.; Koch, W.",1
"Hart, H.; Forbes, S. L.",1
"Young, W. J.",1
"Skidmore, C. L.",1
"Geiger, R.; Schmidt, W.",1
"Mitropolsky, A.",1
"Fitton, E. M.; Brooks, C. F.",1
"Kunze, G.",1
"Popovic, B.",1
"Lawrence, E. F.",1
"Fabianics, F.",1
"Rivère, C.",1
"Fowler, J. S.; Mariott, W.",1
"Baranov, D.",1
"Sigolev, A.",1
"Lodewick, J. E.",1
"McKenzie Taylor, E.",1
"Protopopov, B.",1
"von Rümker, K.",1
"Skobelcin, J.",1
"André, G.",1
"Flint, L. H.",1
"Walter, H.",1
"Forster, H. C.",1
"Poletika, W. v.",1
Wessler,1
"Dravid, R. K.",1
"Conrad, V.; Pollak, L. W.",1
"Tanada, T.",1
"Alberts, H. W.; et al.",1
"Lubimenko, W.",1
"Gassner, C.",1
"Buchinger, A.",1
"Jones, I. D.",1
"Anmad., J. -ud-D.; Aziz, M. A.",1
"Miller, D. H.",1
"Pfleiderer, H.; Buttner, K.",1
"Niethammer, A.",1
"Aldrich, W. W.; Work, R. A.",1
"Schapelle, N. A.",1
"Peterson, M. L.; Loomis, W. E.",1
"Oakley, R. A.; Westover, H. L.",1
"Fox, H.",1
"Harvey, R. B.",1
"Day, J. A.",1
"Shaw, J. K",1
"Coffman, F. A.",1
"Nagasawa, S.; Makino, K.",1
"Tuboi, I.",1
"Richardson, A. D.",1
"Sheard, C.; Johnson, A. F.",1
"Duncan, H. F.; Cooke, D. A.",1
"Gustafson, F. G.",1
"Clark, N. A.",1
"Chapman, L. J.",1
"Annett, H. E.",1
"Richards, P. W.",1
"Mersman, W.A.",1
"Farmer, J. B.",1
"Smith, A. D.",1
"Prankerd, T. L.",1
"Schroeder, G.",1
"Burgevin, H.",1
"Sutton, J. R.",1
"Smith, H. V.",1
"Klein, P.",1
"Schreyer, W.",1
"Deats, M. E.",1
"Gressle, C. A.",1
"Van der Wolk, P. C.",1
"Bus, A.",1
"Beaumont, J. H.; Weaver, J. G.",1
"Romanovsky, J.",1
"Waksman, S. A.; Gerretsen, F. C.",1
Guillot,1
"Boswell, V. R.; Jones, H. A.",1
Begun,1
"Blanchard, E.",1
"Schreckenthal-Schimitschek, G.",1
"Hess, V. F.; Eugster, J.",1
"Belcher, D. J.",1
"Denny, F. E.",1
"Leeson, H. C.; Mellanby, K.",1
"Rhoads, A. S.",1
Zaborovsky,1
"Davidson, O. W.",1
"Toumey, J. W.; Neethling, E. J.",1
"Elvegård, E.; Sjöstedt, G.",1
"Tindale, G. B.",1
"Ivanov, P. I.",1
"Rohrbeck, W.; Schlumberger, O",1
"Prytz, K. S.",1
"Zielke, W.",1
"Anderson, E. M.",1
"Romanovsky, P. S.",1
"Hemphill, D. D.; Murneek, A. E.",1
De Fru; David,1
"Vincent, C. L.; Pawson, W. W.",1
"Camp, A. F.; Mowry, H.; Loacks, K. W.",1
"Costanzo, G.; Negro, C.",1
"Tysdal, H. M.",1
"Bellair, G.",1
"Smith, A. M.",1
"Gevorkiantz, S. R.; Roe, E. J.",1
"Brinenko, V.",1
"Bystrikov, F.",1
"Papadakis, I. S.",1
"Davis, F. E.; Harrell, G. D.",1
"Forster, H. C.; Vasey, A. J.",1
"Bernard, E.",1
"Wassink, E. C.",1
"Peter, H.",1
"Oskamp, J.",1
"Benedict, H. M.",1
Feistritzer,1
"Fryer, J. R.",1
"Brandon, D.",1
"Brocks, K.",1
"Kühl, W.",1
"Maltras, E.",1
"Albertson, F. W.; Weaver, J. E.",1
"Bean, L. H.",1
"Reddick, D.",1
"Wiltshire, S. P.",1
"Gardner, V. R.; Merrill, T. A.; Toenjes, W.",1
"Sundling, H. L.; MacIntyre, A. C.; Patrick, A. L.",1
"Faes, H.; Staehelin, M.",1
"Singleton, W. R.",1
"Freckmann, W.; Brouwer, W.",1
"Livingston, B. G.; Haasis, F. W.",1
"Maximov, N. A.",1
"Tumanov, I. I.; Borodina, I. N.; Oleinikova, T. V.",1
"Champlin, M.",1
"Lang, R.",1
"Huberman, M. A.",1
"Dodge, A. F.; Aikman, J. M.",1
"Hubert, E. E.",1
"Lambeth, V. N.",1
"Heinicke, A. J.; Childers, N. F.",1
"Miege, E.",1
"Trankevic, N. N.",1
"Greene, S. W.",1
"Wakeley, J. T.; Rigney, J. A.",1
"Christopher, E. P.",1
"Hearn, G. D.",1
"Grön, H.",1
"MacGill, E. I.",1
"Blair, D. S.",1
"Keyes, C. G.",1
"Kassner, E.",1
"Baker, R. B.",1
"Savage, D. A.; Jacobson, L. A.",1
"Meade, R. M.",1
"Gray, L. G.",1
"Caillere, A.",1
"Wager, H.",1
"Ext, W.",1
"Lichvar, D.",1
Obuchov,1
"Schratz, E.",1
"Könekamp, A.; König, F.",1
"Aamodt, O. S.; Platt, A.W.",1
"Guittonneau, G.",1
"Barry, F.",1
"Iaroslavtsev, I. N.",1
"Dedebant, G.",1
"Hoare, A. H.",1
"Burtch, L. M.; Thorne, D. W.; Wann, F. B.",1
"Krapivine, V.",1
"Whitmore, J. S.",1
"Laus, H.",1
"Murneek, A. E.",1
"Connor, A. J.",1
"Rodionov, S. F.; Pavlova, E. N.",1
"Gutmann, I.",1
"Künkele, T.",1
"Machali, P.",1
"Dandeno, J. B.",1
"Ramanathan, K. R.; Ramdas, L. A.",1
"Ennis, B.",1
"Newton, R.; Anderson, J. A.",1
Bondy,1
"Long, F. L.",1
"Fernandez Cortés, M.",1
"McLagan, D. S.",1
"Kleiber, M.; Regan, W.",1
Guinier,1
"Dufrenoy, J.",1
"Groom, P.; Panisset, T. E.",1
"Frank, S. R.",1
"Thomas, H. E.; MacDaniels, L. H.",1
"Takahashi, K.",1
"Maleev, V. P.",1
"Kotok, E. I.",1
"Znoidko, D. V.",1
"Kirk, P. H.",1
"Gain, E.",1
"Troll, C.; Schottenloher, R.",1
"Sampson, A. W.",1
"Van Cleef, E.",1
"Bos, H.; et al.",1
"Ahmad, G.",1
"Newton, R.; Brown, W. R.; Anderson, J. A.",1
"Wardle, R. A.",1
"de la Cerisaie, J.",1
"Wright, H. L.",1
"Gerlach, J.",1
"Luncz, G.",1
"Mecke, R.",1
"King, C. A.",1
"Grandfield, C. O.",1
"Honing, J.",1
"Barr, P. M.",1
"Kelonig, M.",1
"Burgess, J. L.",1
"Irving, A. A.",1
"Vyssozky, G. N.",1
"Hausmann, G.",1
"Ayns, F. R.",1
"Haude, W.",1
"King, N. J.",1
"Wren, H. B.",1
"Newcombe, F. C.",1
"Busse, W. F.; Burnham, C. R.",1
"Litvinov, L. S.",1
"White, H. L.",1
"Albright, W.D.; Stokers, J.G.",1
"Johnson, H. A.",1
"Guscin, M. J.",1
"Mighell, R. L.; Rowe, H. B.",1
"Hartmann, H. T.",1
"Jovino, S.",1
"Seelhorst, C.; Freckmann, W.",1
"Kovalevsky, G. V.",1
"Cameron, S. H.",1
"Tottingham, W. E.; Shands, R. G.; Delwiche, E. D.",1
"Clark, J. E.; Margary, I. D.; Marshall, R.; Cave, C. J. P.",1
"Chailakhian, M. K.",1
"Madjinicolaou, J.",1
"Penfound, W. T.",1
"Willard, C. J.",1
"Schnelle, Fr.; Heiser, Fr.",1
"Stepanov, V. N.; Pokrovskaja, V. S.",1
"Mosier, J. G.",1
"Condit, I. J.",1
"Withrow, A. P.",1
"Trumble, H. C.",1
"Blackmore, R. F.; Neuman, F.; Brown, H. D.; Burrell, R. C.",1
"Fomin, N. P.",1
"Ihne, E.",1
"Westman, J.",1
"Childs, W. H.",1
"Evans, M.; Wilsie, C. P.",1
"Bayfield, E. G.",1
"Wille, J.",1
"Cockerell, T. D. A.",1
"Crandall, F. K.; Hartwell, B. L.",1
"Delcambre, E.; Trochon",1
Lochner,1
"Kimbrough, W. D.",1
"Podgajsky, M.",1
"Work, R. A.; Lewis, M. R.",1
"Perevozcikov, T. B.",1
"Firbas, F.; Rempe, H.",1
"Lafite, C.; Caudron, J.",1
"Obuchov, V. M.",1
"Moretti-Costanzi, S.",1
"Dunlap, M. E.",1
"Rimpau, W.",1
"McPhee, H. C.",1
"Aubréville, A.",1
"Eastham, J. W.",1
"Gams, H.",1
"Savinov, I.",1
"Moreau, R. E.",1
"Martin, J. F.",1
"Kodaira, Y.",1
"Rubtzov, I. A.",1
"Harmer, P. M.",1
"McMunn, R. L.",1
"de Perriere, J. Y.; Natier, E.",1
"Rettig, H.",1
"Snyder, H. C.",1
"Webber, H. J.",1
"Brazier, C. E.; Eble, L.",1
"Church, P. E.",1
"Gradenwitz, A.",1
"Lyon, C. J.",1
"Vigiani, D.",1
"Arnell, H. W.",1
"Fraps, G. S.; Sterges, A. J.",1
"Cochran, H. L.",1
"Steele, T. A.; Woldo, G. F.; Brown, W. S.",1
"Orchard, O. B.",1
"Oleinikova, T. V.",1
"Peltier, G. L.",1
"Gray, J.; Peirce, G. J.",1
"Yarnell, S. H.",1
"Horsfall, F.",1
"Vandenplas, A.",1
"Frödin, J.",1
"Clements, H. F.; Akamine, E.; Shigeura, G.; Moriguchi, S.",1
"Martin, J. N.",1
"Molozev, A. I.",1
"Degman, E. S.; Furr, J. R.; Magness, J. R.",1
"Stroede, W.",1
"McCalla, T. M.",1
"Schramm, W.",1
"Holttum, R. E.",1
"Åkerman, A.; Johannson, H.",1
"Ayyar, T. V. R.; Anantanarayanan, H. P.",1
"Headlee, T. J.",1
"Carter, H. G.",1
"Hant, I. C.",1
"Kunerth, W.; Miller, R. D.",1
"Oliver, R.",1
"Wohltmann, F.",1
"Liese, H.",1
"Vasilieva, N. G.",1
"Shelford, V. E.",1
"Wright, R. C.; Lauritzen, J. I.; Whiteman, T. M.",1
"McIndoe, G. H.",1
"Illicevsky, S.",1
"Flahaut, C.",1
"Finnell, H. H.; Houghton, H. W.",1
"Taylor, G.",1
"Dacy, G. H.",1
"Thomas, R.",1
"Grinsted, F. G.",1
"Saltykovsky, M.",1
"Loehwing, W. F.",1
"Isaac, W. E.",1
"McGinty, R. A.; Miller, E. R.",1
"Smosarski, W.",1
"Niehaus, H.",1
"Wiechmann, F.",1
"Henney, J. H.",1
Babrov,1
"Parker, J. R.",1
"Wood, R. C.",1
"Blanc, L.",1
"Voloshinova, G. A.",1
"Emsweller, S. L.; Stuart, N. W.; Byrnes, J. W.",1
"Blakley, B. D.",1
"Grossman, E. F.",1
"Gaussen, H.",1
"Magoon, C. A.; Culpepper, C. W.",1
"Cordes, H.",1
"Waksman, S. A.; Purvis, E. R.",1
"Engels, O.",1
"Siegenthaler, J.",1
"Kopper, F.",1
"Joerg, W. L. G.",1
"Bacon, L. B.; Hainesworth, R. G.; Jasny, N.; Purves, C. M.; Volin, L.; Whipple, C. E.",1
"Anthoine, A.",1
"Weintraub, R. L.",1
"Clough, H. W.",1
"Day, W. R.; Peace, T. R.",1
"Biletzky, M.",1
"Allen, W. E.",1
"Hiorth, G.",1
"Kramer, P. J.; Decker, J. P.",1
"Bukassow, S.",1
"Bastumoff, S.",1
"Welker, E.",1
"Dastur, R. H.; Samant, K. M.",1
"Boyen, J. L.",1
"Daniel, H. A.; Harper, H. J.",1
"Brixten, P. A.; Mellanby, K.",1
"Mudra, A.",1
"Lecrenier, A.",1
"Greene, L.; Withrow, R. B.; Richman, M. W.",1
"Vellando, I.",1
"Braschi, B.",1
"Hemming, F.",1
"Raman, P. K.; Satakopan, V.",1
"Novik, F.",1
"Claver, F. K.; Sívori, E. M.",1
"Zanon, F. S.",1
"Spirhanzl, J.",1
"Verigo, S. A.",1
"Zeuch, L.",1
"Heuser, O.",1
"Turnage, W. V.",1
"Spicer, H. C.",1
"Johnston, C. N.",1
"Crow, J. W.",1
"Lobovikov, N.",1
"Boekholt, K.",1
"Pinkhof, M.",1
"Mundkur, B. B.",1
"Sitton, B. G.",1
"Geilhofer, F.",1
"Tollenaar, D.; Blaauw, A. H.",1
"Meyer, K.",1
"Hide, J. C.",1
"Stones, R. G.",1
"Tuckermann, R.",1
"Dustan, G. G.",1
"Sagaev, B. A.",1
"Fucks, W. H.",1
"Hackbarth, J.",1
"Suetin, A.",1
"Chroboczek, E.",1
"Bosso, J. A.; Burgos, J. J.",1
"Sinclair, John G.",1
"Katti, M. S.",1
"Andrianov, P. I.",1
"Huckenpahler, B. J.",1
"Preyrière, L.",1
"Mitra, M.; Kheswalla, K. F.",1
"Powers, W. L.",1
"Friedel, H.",1
"Tutumi, K.",1
"Thomson, W. A.",1
"Kol'tsory, A. V.; Kol'tsory, L. I.",1
"Hammond, J.",1
"Houston, J.; Hale, R. W.",1
"Spafford, R. R.",1
"Goodwin, R. H.; Owens, O. V. H.",1
"Mezzadroli, G.; Vareton, E.",1
"Wood, J. G.",1
"Davies, W. L.",1
"Parkhurst, R. T.",1
"Tottingham, W. E.; Moore, J. G.",1
"Aleksandrov, V.",1
"Chetchowski, W.",1
"Franc de Ferrière, P. J. J.; Natier, E.",1
"Leach, W.",1
"Young, F. D.",1
"Iljin, W. S.",1
"De Sampaio Ferraz, J.",1
"Troll, C.",1
"Withrow, R. B.; Richman, M. W.",1
"Rigg, G. B.",1
"Johnson, H. N.",1
"Flint, L. H.; Moreland, C. F.",1
"Goodwin, H.",1
"Youngman, W.",1
"Aikins, G. A.; Fay, A. C.",1
"Stepanov, A.; Solovjova, E.",1
"Atkinson, A.; Love, H. H.",1
"Cholodny, N.",1
"Shoemaker, J. S.",1
"Bergen, J. Y.",1
"Baldit, A.",1
"Humlum, J.",1
"Lammerts, W. E.",1
"Peltier, G. L.; Tysdal, H. M.",1
"Magness, J. R.; Degman, E. S.; Furr, J. R.",1
"Bean, W. J.",1
"Green, R. A.",1
"Coward, K. H.",1
"Aniol, R.",1
"Delwiche, E. J.; Tottingham, W. E.",1
"Lorch, A.",1
"Dupoux, A.",1
"Beach, S. A.; Allen, F. W.",1
"Flint, L. H.; McAllister, E. D.",1
"Dolan, D. D.; Christopher, E. P.",1
"Eitingen, G. R.",1
"Gardner, W. A.",1
"Noguchi, Y.",1
"Flandrin, J.",1
"Dobson, T. E. W.",1
"André, H.",1
"Constantinescu, E.",1
Lukasenko,1
"Hecker, A.",1
"Worzella, W. W.",1
"Davy, G. A.",1
"Goodell, B. C.",1
"Lazarov, D. M.",1
"Tollenaar, D.",1
"Saint-Hilaire, K.",1
"Russell, W. C.; Howard, C. H.",1
"Pitmen, G. W.",1
"Murneek, A. E.; Wittwer, S. H.",1
"Wemore, E. B.",1
"Karrer, S.",1
"Dobrowsky, A.",1
"Ellis, J. H.; Shaper, W. H.; Caldwell, O. E.",1
"Schellenberg, A.",1
"Christiensen, F. W.; Hopper, T. H.",1
"Nicholson, A. J.",1
"Dostoinova, E. I.",1
"Lehmann, K.",1
"Makarov, I. I.",1
"Barber, L.",1
"Tompkins, R. G.",1
"Rudolf, G.; Job, M. M.; Santini, B.",1
"Balchin, W. G. V.; Pye, N.",1
"Foester, H. C.; Tincker, M. A. H.; Vasey, A. J.; Wadham, S. M.",1
"Hawkins, S.",1
"Wassink, E. C.; van der Scheer, C.",1
"Suzuki, M.",1
"Moore, M. H.",1
"Drake, F. R.",1
"Degani, M. H.",1
"Moreau, R.",1
"Doi, T.",1
"Potter, G. F.",1
"McCalla, T. M.; Duley, F. L.",1
"Nefedov, N. I.",1
"David, R. E.; Miroshkin, S. Z.",1
"Nevsky, L. A.",1
"Salmon, S. C.",1
"Bhatty, M. A.",1
Opitz,1
"Allen, F. W.",1
"Nichols, H. E.; Lantz, H. L.",1
"Allard, H. A.; Evans, M. W.",1
"Mather, K.; Anderson, G.",1
"Grillot, G.",1
"Verner, H. O.",1
"Glassberg, P. E.",1
"Espino, R. B.; Pantaleon, F.",1
"Imberger, K.",1
"Slater, C. S.; Hopp, H.",1
"Jones, I.",1
"Korytnikova, N. N.",1
